{
  "11": {
    "p": 11,
    "g": 2,
    "P_mean": 6.0,
    "P_std": 5.5497747702046425,
    "rms_from_p": 7.469939758793239
  },
  "19": {
    "p": 19,
    "g": 2,
    "P_mean": 10.0,
    "P_std": 5.436502143433364,
    "rms_from_p": 10.514540197058336
  },
  "23": {
    "p": 23,
    "g": 5,
    "P_mean": 12.0,
    "P_std": 7.373170034906042,
    "rms_from_p": 13.242493585561459
  },
  "31": {
    "p": 31,
    "g": 3,
    "P_mean": 16.0,
    "P_std": 10.366613075960089,
    "rms_from_p": 18.233668491739852
  },
  "43": {
    "p": 43,
    "g": 3,
    "P_mean": 22.0,
    "P_std": 11.267314717907766,
    "rms_from_p": 23.831751529259886
  },
  "47": {
    "p": 47,
    "g": 5,
    "P_mean": 23.95652173913043,
    "P_std": 5.886449146461323,
    "rms_from_p": 23.783443272853564
  },
  "59": {
    "p": 59,
    "g": 2,
    "P_mean": 29.96551724137931,
    "P_std": 5.875036367433674,
    "rms_from_p": 29.62291750282727
  }
}