{
  "7": {
    "p": 7,
    "n": 4,
    "num_constraints": 4,
    "mean_B": 1.000082,
    "std_B": 0.6322315590900903,
    "mean_corr": 0.00018348015373614857,
    "joint_prob_mc": 0.0,
    "indep_prediction": 0.025551618559367644,
    "union_bound": 1.0,
    "lll_applicable": false,
    "per_constraint_rates": [
      0.199748,
      0.800252,
      0.800252,
      0.199748
    ]
  },
  "11": {
    "p": 11,
    "n": 6,
    "num_constraints": 6,
    "mean_B": 1.9997033333333334,
    "std_B": 0.8171149255881548,
    "mean_corr": 0.0005101305115556398,
    "joint_prob_mc": 0.166242,
    "indep_prediction": 0.03533195160084328,
    "union_bound": 1.0,
    "lll_applicable": false,
    "per_constraint_rates": [
      0.737934,
      0.260892,
      0.97635,
      0.97635,
      0.260892,
      0.737934
    ]
  },
  "19": {
    "p": 19,
    "n": 10,
    "num_constraints": 10,
    "mean_B": 4.0005299999999995,
    "std_B": 1.084149953205554,
    "mean_corr": 0.0003801061285744478,
    "joint_prob_mc": 0.021865,
    "indep_prediction": 0.0018864970867647976,
    "union_bound": 1.0,
    "lll_applicable": false,
    "per_constraint_rates": [
      0.68156,
      0.31803,
      0.318385,
      0.923535,
      0.681475,
      0.681475,
      0.923535,
      0.318385,
      0.31803,
      0.68156
    ]
  },
  "23": {
    "p": 23,
    "n": 12,
    "num_constraints": 12,
    "mean_B": 4.999139166666668,
    "std_B": 1.193740168384832,
    "mean_corr": 0.00014183826182519703,
    "joint_prob_mc": 0.02869,
    "indep_prediction": 0.00352560065911473,
    "union_bound": 1.0,
    "lll_applicable": false,
    "per_constraint_rates": [
      0.66477,
      0.335755,
      0.667565,
      0.901705,
      0.66583,
      0.663745,
      0.663745,
      0.66583,
      0.901705,
      0.667565,
      0.335755,
      0.66477
    ]
  },
  "31": {
    "p": 31,
    "n": 16,
    "num_constraints": 16,
    "mean_B": 6.9998525,
    "std_B": 1.3893739418257791,
    "mean_corr": 0.00029501519745782633,
    "joint_prob_mc": 0.01896,
    "indep_prediction": 0.001693282399964393,
    "union_bound": 1.0,
    "lll_applicable": false,
    "per_constraint_rates": [
      0.35721,
      0.64281,
      0.35561,
      0.86563,
      0.96771,
      0.96712,
      0.64334,
      0.96691,
      0.96691,
      0.64334,
      0.96712,
      0.96771,
      0.86563,
      0.35561,
      0.64281,
      0.35721
    ]
  },
  "43": {
    "p": 43,
    "n": 22,
    "num_constraints": 22,
    "mean_B": 10.000885454545454,
    "std_B": 1.6382278297070352,
    "mean_corr": 7.556447856356666e-05,
    "joint_prob_mc": 0.00026,
    "indep_prediction": 5.35767793505799e-06,
    "union_bound": 1.0,
    "lll_applicable": false,
    "per_constraint_rates": [
      0.17532,
      0.82278,
      0.82372,
      0.82542,
      0.82438,
      0.62176,
      0.6226,
      0.82328,
      0.176,
      0.61886,
      0.82472,
      0.82472,
      0.61886,
      0.176,
      0.82328,
      0.6226,
      0.62176,
      0.82438,
      0.82542,
      0.82372,
      0.82278,
      0.17532
    ]
  },
  "47": {
    "p": 47,
    "n": 24,
    "num_constraints": 24,
    "mean_B": 11.002118333333334,
    "std_B": 1.7154991942433866,
    "mean_corr": -0.00020324000436007335,
    "joint_prob_mc": 0.00012,
    "indep_prediction": 1.4853271601093416e-06,
    "union_bound": 1.0,
    "lll_applicable": false,
    "per_constraint_rates": [
      0.93062,
      0.61588,
      0.8095,
      0.38586,
      0.81422,
      0.98104,
      0.38292,
      0.81124,
      0.61832,
      0.18808,
      0.38106,
      0.6191,
      0.6191,
      0.38106,
      0.18808,
      0.61832,
      0.81124,
      0.38292,
      0.98104,
      0.81422,
      0.38586,
      0.8095,
      0.61588,
      0.93062
    ]
  },
  "59": {
    "p": 59,
    "n": 30,
    "num_constraints": 30,
    "mean_B": 13.997046666666668,
    "std_B": 1.9179046264892616,
    "mean_corr": -8.056103435555614e-06,
    "joint_prob_mc": 0.0002,
    "indep_prediction": 1.5063483323638865e-06,
    "union_bound": 1.0,
    "lll_applicable": false,
    "per_constraint_rates": [
      0.6047333333333333,
      0.3964,
      0.9063333333333333,
      0.7811333333333333,
      0.7825666666666666,
      0.7850666666666667,
      0.6004333333333334,
      0.9066333333333333,
      0.6038666666666667,
      0.6058666666666667,
      0.6086666666666667,
      0.7841,
      0.3935,
      0.7857333333333333,
      0.40053333333333335,
      0.40053333333333335,
      0.7857333333333333,
      0.3935,
      0.7841,
      0.6086666666666667,
      0.6058666666666667,
      0.6038666666666667,
      0.9066333333333333,
      0.6004333333333334,
      0.7850666666666667,
      0.7825666666666666,
      0.7811333333333333,
      0.9063333333333333,
      0.3964,
      0.6047333333333333
    ]
  }
}