{
  "summary": {
    "p": 11,
    "n": 6,
    "d11_size": 6,
    "d12_size": 5,
    "k": 4,
    "threshold_binding": 4,
    "threshold_loose": 7,
    "num_d11": 10,
    "num_d12": 210,
    "total_pairs_checked": 2100,
    "min_valid_d12": 0,
    "max_valid_d12": 20,
    "all_d11_have_valid_d12": false,
    "elapsed_seconds": 0.002051115036010742,
    "ratio_stats": {
      "min": 0.0,
      "max": 2.6744222201771057,
      "mean": 1.3372111100885526
    }
  },
  "per_d11": [
    {
      "D11": [
        1,
        2,
        3,
        8,
        9,
        10
      ],
      "A_values": {
        "1": 4,
        "2": 3,
        "3": 2,
        "8": 2,
        "9": 3,
        "10": 4
      },
      "num_valid_d12": 0,
      "fraction_valid": 0.0,
      "marginal_counts": {
        "1": 5,
        "2": 55,
        "3": 155,
        "8": 155,
        "9": 55,
        "10": 5
      },
      "product_of_marginals": 2.1184246224683525e-05,
      "joint_prob": 0.0,
      "ratio_joint_over_product": 0.0
    },
    {
      "D11": [
        1,
        2,
        4,
        7,
        9,
        10
      ],
      "A_values": {
        "1": 2,
        "2": 3,
        "4": 1,
        "7": 1,
        "9": 3,
        "10": 2
      },
      "num_valid_d12": 20,
      "fraction_valid": 0.09523809523809523,
      "marginal_counts": {
        "1": 155,
        "2": 55,
        "4": 205,
        "7": 205,
        "9": 55,
        "10": 155
      },
      "product_of_marginals": 0.035610717903692996,
      "joint_prob": 0.09523809523809523,
      "ratio_joint_over_product": 2.6744222201771057,
      "S1_stats": {
        "mean": 11.0,
        "std": 1.0,
        "min": 10,
        "max": 12
      },
      "pairwise_overlap_distribution": {
        "1": 14,
        "2": 76,
        "3": 72,
        "4": 28
      }
    },
    {
      "D11": [
        1,
        2,
        5,
        6,
        9,
        10
      ],
      "A_values": {
        "1": 3,
        "2": 1,
        "5": 2,
        "6": 2,
        "9": 1,
        "10": 3
      },
      "num_valid_d12": 20,
      "fraction_valid": 0.09523809523809523,
      "marginal_counts": {
        "1": 55,
        "2": 205,
        "5": 155,
        "6": 155,
        "9": 205,
        "10": 55
      },
      "product_of_marginals": 0.035610717903692996,
      "joint_prob": 0.09523809523809523,
      "ratio_joint_over_product": 2.6744222201771057,
      "S1_stats": {
        "mean": 11.0,
        "std": 1.0,
        "min": 10,
        "max": 12
      },
      "pairwise_overlap_distribution": {
        "1": 14,
        "2": 76,
        "3": 72,
        "4": 28
      }
    },
    {
      "D11": [
        1,
        3,
        4,
        7,
        8,
        10
      ],
      "A_values": {
        "1": 2,
        "3": 3,
        "4": 4,
        "7": 4,
        "8": 3,
        "10": 2
      },
      "num_valid_d12": 0,
      "fraction_valid": 0.0,
      "marginal_counts": {
        "1": 155,
        "3": 55,
        "4": 5,
        "7": 5,
        "8": 55,
        "10": 155
      },
      "product_of_marginals": 2.1184246224683518e-05,
      "joint_prob": 0.0,
      "ratio_joint_over_product": 0.0
    },
    {
      "D11": [
        1,
        3,
        5,
        6,
        8,
        10
      ],
      "A_values": {
        "1": 1,
        "3": 2,
        "5": 3,
        "6": 3,
        "8": 2,
        "10": 1
      },
      "num_valid_d12": 20,
      "fraction_valid": 0.09523809523809523,
      "marginal_counts": {
        "1": 205,
        "3": 155,
        "5": 55,
        "6": 55,
        "8": 155,
        "10": 205
      },
      "product_of_marginals": 0.03561071790369301,
      "joint_prob": 0.09523809523809523,
      "ratio_joint_over_product": 2.674422220177105,
      "S1_stats": {
        "mean": 11.0,
        "std": 1.0,
        "min": 10,
        "max": 12
      },
      "pairwise_overlap_distribution": {
        "1": 14,
        "2": 76,
        "3": 72,
        "4": 28
      }
    },
    {
      "D11": [
        1,
        4,
        5,
        6,
        7,
        10
      ],
      "A_values": {
        "1": 3,
        "4": 2,
        "5": 4,
        "6": 4,
        "7": 2,
        "10": 3
      },
      "num_valid_d12": 0,
      "fraction_valid": 0.0,
      "marginal_counts": {
        "1": 55,
        "4": 155,
        "5": 5,
        "6": 5,
        "7": 155,
        "10": 55
      },
      "product_of_marginals": 2.118424622468352e-05,
      "joint_prob": 0.0,
      "ratio_joint_over_product": 0.0
    },
    {
      "D11": [
        2,
        3,
        4,
        7,
        8,
        9
      ],
      "A_values": {
        "2": 2,
        "3": 1,
        "4": 3,
        "7": 3,
        "8": 1,
        "9": 2
      },
      "num_valid_d12": 20,
      "fraction_valid": 0.09523809523809523,
      "marginal_counts": {
        "2": 155,
        "3": 205,
        "4": 55,
        "7": 55,
        "8": 205,
        "9": 155
      },
      "product_of_marginals": 0.03561071790369301,
      "joint_prob": 0.09523809523809523,
      "ratio_joint_over_product": 2.674422220177105,
      "S1_stats": {
        "mean": 11.0,
        "std": 1.0,
        "min": 10,
        "max": 12
      },
      "pairwise_overlap_distribution": {
        "1": 14,
        "2": 76,
        "3": 72,
        "4": 28
      }
    },
    {
      "D11": [
        2,
        3,
        5,
        6,
        8,
        9
      ],
      "A_values": {
        "2": 2,
        "3": 4,
        "5": 3,
        "6": 3,
        "8": 4,
        "9": 2
      },
      "num_valid_d12": 0,
      "fraction_valid": 0.0,
      "marginal_counts": {
        "2": 155,
        "3": 5,
        "5": 55,
        "6": 55,
        "8": 5,
        "9": 155
      },
      "product_of_marginals": 2.1184246224683525e-05,
      "joint_prob": 0.0,
      "ratio_joint_over_product": 0.0
    },
    {
      "D11": [
        2,
        4,
        5,
        6,
        7,
        9
      ],
      "A_values": {
        "2": 4,
        "4": 3,
        "5": 2,
        "6": 2,
        "7": 3,
        "9": 4
      },
      "num_valid_d12": 0,
      "fraction_valid": 0.0,
      "marginal_counts": {
        "2": 5,
        "4": 55,
        "5": 155,
        "6": 155,
        "7": 55,
        "9": 5
      },
      "product_of_marginals": 2.1184246224683525e-05,
      "joint_prob": 0.0,
      "ratio_joint_over_product": 0.0
    },
    {
      "D11": [
        3,
        4,
        5,
        6,
        7,
        8
      ],
      "A_values": {
        "3": 3,
        "4": 2,
        "5": 1,
        "6": 1,
        "7": 2,
        "8": 3
      },
      "num_valid_d12": 20,
      "fraction_valid": 0.09523809523809523,
      "marginal_counts": {
        "3": 55,
        "4": 155,
        "5": 205,
        "6": 205,
        "7": 155,
        "8": 55
      },
      "product_of_marginals": 0.035610717903692996,
      "joint_prob": 0.09523809523809523,
      "ratio_joint_over_product": 2.6744222201771057,
      "S1_stats": {
        "mean": 11.0,
        "std": 1.0,
        "min": 10,
        "max": 12
      },
      "pairwise_overlap_distribution": {
        "1": 14,
        "2": 76,
        "3": 72,
        "4": 28
      }
    }
  ]
}