{
  "11": {
    "p": 11,
    "total_d11": 10,
    "working_d11": 5,
    "total_N": 100,
    "total_N_sq": 2000,
    "E_N": 10.0,
    "E_N_sq": 200.0,
    "ratio": 2.0,
    "PZ_bound": 0.5,
    "actual_fraction": 0.5,
    "overlap_distribution": {
      "1": 140,
      "2": 760,
      "3": 720,
      "4": 280,
      "5": 100
    }
  },
  "19": {
    "p": 19,
    "total_d11": 126,
    "working_d11": 9,
    "total_N": 162,
    "total_N_sq": 2916,
    "E_N": 1.2857142857142858,
    "E_N_sq": 23.142857142857142,
    "ratio": 13.999999999999996,
    "PZ_bound": 0.07142857142857144,
    "actual_fraction": 0.07142857142857142,
    "overlap_distribution": {
      "2": 108,
      "3": 486,
      "4": 648,
      "5": 1080,
      "6": 432,
      "9": 162
    }
  },
  "23": {
    "p": 23,
    "total_d11": 462,
    "working_d11": 55,
    "total_N": 4356,
    "total_N_sq": 596288,
    "E_N": 9.428571428571429,
    "E_N_sq": 1290.6666666666667,
    "ratio": 14.518518518518517,
    "PZ_bound": 0.06887755102040817,
    "actual_fraction": 0.11904761904761904,
    "overlap_distribution": {
      "1": 264,
      "2": 3608,
      "3": 22902,
      "4": 93192,
      "5": 163680,
      "6": 166584,
      "7": 100870,
      "8": 31152,
      "9": 7920,
      "10": 1760,
      "11": 4356
    }
  }
}